,mean_degree,degree_variance,density,radius_by_hops,diameter_by_hops,min_length,max_length,radius_by_length,diameter_by_length,total_data_rate,blocking_coefficient
0,2.6,3.6000000000000005,0.28888888888888886,2,3,412.3553057760516,2915.5610584628,3278.8242364968137,5620.549596031857,2600,0.8222222222222222
1,2.6,3.6000000000000005,0.28888888888888886,2,3,412.3553057760516,2915.5610584628,3225.227018304557,5566.9523778396,1240,0.8444444444444444
2,2.6,3.6000000000000005,0.28888888888888886,2,3,412.3553057760516,2915.5610584628,3225.227018304557,6140.788076767357,600,0.9111111111111111
3,2.6,3.6000000000000005,0.28888888888888886,2,3,412.3553057760516,2915.5610584628,3172.440855841918,5546.756615965145,2140,0.8444444444444444
4,2.6,3.6000000000000005,0.28888888888888886,2,3,412.3553057760516,2915.5610584628,3205.0312564301016,6120.592314892901,600,0.9111111111111111
5,2.6,3.6000000000000005,0.28888888888888886,2,3,412.3553057760516,2915.5610584628,3205.0312564301016,6120.592314892901,500,0.9333333333333333
6,2.6,3.6000000000000005,0.28888888888888886,2,3,412.3553057760516,2915.5610584628,3278.8242364968137,5620.549596031857,2040,0.8
7,2.6,3.6000000000000005,0.28888888888888886,2,3,412.3553057760516,2915.5610584628,3225.227018304557,5566.9523778396,1680,0.8
8,2.6,3.6000000000000005,0.28888888888888886,2,3,412.3553057760516,2915.5610584628,3225.227018304557,6140.788076767357,1300,0.8666666666666667
9,2.6,3.6000000000000005,0.28888888888888886,2,3,412.3553057760516,2915.5610584628,3320.303796659415,4959.793030544929,4180,0.7333333333333333
10,2.6,3.6000000000000005,0.28888888888888886,2,3,412.3553057760516,2915.5610584628,3278.8242364968137,6194.385294959613,1200,0.8888888888888888
11,2.6,3.6000000000000005,0.28888888888888886,2,3,412.3553057760516,2915.5610584628,3225.227018304557,6140.788076767357,1100,0.9111111111111111
12,2.6,3.6000000000000005,0.28888888888888886,2,3,294.4695548715736,2915.5610584628,3278.8242364968137,5620.549596031857,2540,0.8222222222222222
13,2.6,3.6000000000000005,0.28888888888888886,2,3,294.4695548715736,2915.5610584628,3172.440855841918,5546.756615965145,2380,0.8222222222222222
14,2.6,3.6000000000000005,0.28888888888888886,2,3,294.4695548715736,2915.5610584628,3205.0312564301016,6120.592314892901,2200,0.8666666666666667
15,2.6,3.6000000000000005,0.28888888888888886,2,3,294.4695548715736,2915.5610584628,3320.303796659415,4959.793030544929,4140,0.7555555555555555
16,2.6,3.6000000000000005,0.28888888888888886,2,3,294.4695548715736,2915.5610584628,3278.8242364968137,6194.385294959613,2100,0.8888888888888888
17,2.6,3.6000000000000005,0.28888888888888886,2,3,294.4695548715736,2915.5610584628,3205.0312564301016,6120.592314892901,2000,0.9111111111111111
18,2.6,3.6000000000000005,0.28888888888888886,2,3,412.3553057760516,2915.5610584628,3225.227018304557,5566.9523778396,1140,0.8666666666666667
19,2.6,3.6000000000000005,0.28888888888888886,2,3,412.3553057760516,2915.5610584628,3172.440855841918,5546.756615965145,1540,0.8444444444444444
20,2.6,3.6000000000000005,0.28888888888888886,2,3,412.3553057760516,2915.5610584628,3205.0312564301016,6120.592314892901,1040,0.8666666666666667
21,2.6,3.6000000000000005,0.28888888888888886,2,3,412.3553057760516,2915.5610584628,3320.303796659415,4959.793030544929,3380,0.7333333333333333
22,2.6,3.6000000000000005,0.28888888888888886,2,3,412.3553057760516,2915.5610584628,3225.227018304557,6140.788076767357,940,0.8888888888888888
23,2.6,3.6000000000000005,0.28888888888888886,2,3,412.3553057760516,2915.5610584628,3205.0312564301016,6120.592314892901,940,0.8888888888888888
24,2.6,3.6000000000000005,0.28888888888888886,2,3,412.3553057760516,2915.5610584628,3225.227018304557,6140.788076767357,400,0.9333333333333333
25,2.6,3.6000000000000005,0.28888888888888886,2,3,412.3553057760516,2915.5610584628,3205.0312564301016,6120.592314892901,800,0.9111111111111111
26,2.6,3.6000000000000005,0.28888888888888886,2,3,412.3553057760516,2915.5610584628,3205.0312564301016,6120.592314892901,440,0.9111111111111111
27,2.6,3.6000000000000005,0.28888888888888886,2,3,412.3553057760516,2915.5610584628,3278.8242364968137,6194.385294959613,2000,0.8888888888888888
28,2.6,3.6000000000000005,0.28888888888888886,2,3,412.3553057760516,2915.5610584628,3225.227018304557,6140.788076767357,840,0.8888888888888888
29,2.6,3.6000000000000005,0.28888888888888886,2,3,412.3553057760516,2915.5610584628,3205.0312564301016,6120.592314892901,1740,0.8888888888888888
30,2.6,3.6000000000000005,0.28888888888888886,2,3,412.3553057760516,2915.5610584628,3289.741313352065,5631.466672887108,1940,0.8666666666666667
31,2.6,3.6000000000000005,0.28888888888888886,2,3,412.3553057760516,2915.5610584628,3278.8242364968137,6194.385294959613,400,0.9333333333333333
32,2.6,3.6000000000000005,0.28888888888888886,2,3,412.3553057760516,2915.5610584628,3225.227018304557,6140.788076767357,300,0.9555555555555556
33,2.6,3.6000000000000005,0.28888888888888886,2,3,412.3553057760516,2915.5610584628,3289.741313352065,5631.466672887108,1540,0.8222222222222222
34,2.6,3.6000000000000005,0.28888888888888886,2,3,412.3553057760516,2915.5610584628,3278.8242364968137,6194.385294959613,800,0.9111111111111111
35,2.6,3.6000000000000005,0.28888888888888886,2,3,412.3553057760516,2915.5610584628,3205.0312564301016,6120.592314892901,700,0.9333333333333333
36,2.6,3.6000000000000005,0.28888888888888886,2,3,412.3553057760516,2915.5610584628,3289.741313352065,5631.466672887108,2440,0.8222222222222222
37,2.6,3.6000000000000005,0.28888888888888886,2,3,412.3553057760516,2915.5610584628,3225.227018304557,6140.788076767357,440,0.9111111111111111
38,2.6,3.6000000000000005,0.28888888888888886,2,3,412.3553057760516,2915.5610584628,3205.0312564301016,6120.592314892901,440,0.9111111111111111
39,2.6,3.6000000000000005,0.28888888888888886,2,3,412.3553057760516,2915.5610584628,3278.8242364968137,6194.385294959613,2100,0.8666666666666667
40,2.6,3.6000000000000005,0.28888888888888886,2,3,412.3553057760516,2915.5610584628,3225.227018304557,6140.788076767357,940,0.8666666666666667
41,2.6,3.6000000000000005,0.28888888888888886,2,3,412.3553057760516,2915.5610584628,3205.0312564301016,6120.592314892901,1840,0.8666666666666667
42,2.6,3.6000000000000005,0.28888888888888886,2,3,412.3553057760516,2915.5610584628,3289.741313352065,6205.302371814865,1900,0.9111111111111111
43,2.6,3.6000000000000005,0.28888888888888886,2,3,412.3553057760516,2915.5610584628,3289.741313352065,6205.302371814865,840,0.8888888888888888
44,2.6,3.6000000000000005,0.28888888888888886,2,3,412.3553057760516,2915.5610584628,3289.741313352065,6205.302371814865,1740,0.8888888888888888
45,2.6,3.6000000000000005,0.28888888888888886,2,3,412.3553057760516,2915.5610584628,3278.8242364968137,5620.549596031857,980,0.8666666666666667
46,2.6,3.6000000000000005,0.28888888888888886,2,3,412.3553057760516,2915.5610584628,3225.227018304557,5566.9523778396,1480,0.8666666666666667
47,2.6,3.6000000000000005,0.28888888888888886,2,3,412.3553057760516,2915.5610584628,3225.227018304557,6140.788076767357,40,0.9777777777777777
48,2.6,3.6000000000000005,0.28888888888888886,2,3,412.3553057760516,2915.5610584628,3172.440855841918,5546.756615965145,1520,0.8888888888888888
49,2.6,3.6000000000000005,0.28888888888888886,2,3,412.3553057760516,2915.5610584628,3205.0312564301016,6120.592314892901,40,0.9777777777777777
50,2.6,3.6000000000000005,0.28888888888888886,2,3,412.3553057760516,2915.5610584628,3205.0312564301016,6120.592314892901,40,0.9777777777777777
51,2.6,3.6000000000000005,0.28888888888888886,2,3,296.5558211351698,2915.5610584628,3278.8242364968137,5620.549596031857,1680,0.8
52,2.6,3.6000000000000005,0.28888888888888886,2,3,296.5558211351698,2915.5610584628,3225.227018304557,5566.9523778396,1320,0.8
53,2.6,3.6000000000000005,0.28888888888888886,2,3,296.5558211351698,2915.5610584628,3225.227018304557,6140.788076767357,900,0.8888888888888888
54,2.6,3.6000000000000005,0.28888888888888886,2,3,296.5558211351698,2915.5610584628,3320.303796659415,4959.793030544929,3880,0.7333333333333333
55,2.6,3.6000000000000005,0.28888888888888886,2,3,296.5558211351698,2915.5610584628,3278.8242364968137,6194.385294959613,900,0.8888888888888888
56,2.6,3.6000000000000005,0.28888888888888886,2,3,296.5558211351698,2915.5610584628,3225.227018304557,6140.788076767357,800,0.9111111111111111
57,2.6,3.6000000000000005,0.28888888888888886,2,3,412.3553057760516,2915.5610584628,3278.8242364968137,5620.549596031857,1180,0.8666666666666667
58,2.6,3.6000000000000005,0.28888888888888886,2,3,412.3553057760516,2915.5610584628,3172.440855841918,5546.756615965145,1020,0.8666666666666667
59,2.6,3.6000000000000005,0.28888888888888886,2,3,412.3553057760516,2915.5610584628,3205.0312564301016,6120.592314892901,940,0.9111111111111111
60,2.6,3.6000000000000005,0.28888888888888886,2,3,412.3553057760516,2915.5610584628,3320.303796659415,4959.793030544929,3080,0.7555555555555555
61,2.6,3.6000000000000005,0.28888888888888886,2,3,412.3553057760516,2915.5610584628,3278.8242364968137,6194.385294959613,940,0.9111111111111111
62,2.6,3.6000000000000005,0.28888888888888886,2,3,412.3553057760516,2915.5610584628,3205.0312564301016,6120.592314892901,940,0.9111111111111111
63,2.6,3.6000000000000005,0.28888888888888886,2,3,412.3553057760516,2915.5610584628,3225.227018304557,5566.9523778396,1580,0.8888888888888888
64,2.6,3.6000000000000005,0.28888888888888886,2,3,412.3553057760516,2915.5610584628,3172.440855841918,5546.756615965145,1980,0.8666666666666667
65,2.6,3.6000000000000005,0.28888888888888886,2,3,412.3553057760516,2915.5610584628,3205.0312564301016,6120.592314892901,1540,0.9111111111111111
66,2.6,3.6000000000000005,0.28888888888888886,2,3,412.3553057760516,2915.5610584628,3320.303796659415,4959.793030544929,4080,0.7333333333333333
67,2.6,3.6000000000000005,0.28888888888888886,2,3,412.3553057760516,2915.5610584628,3225.227018304557,6140.788076767357,1540,0.9111111111111111
68,2.6,3.6000000000000005,0.28888888888888886,2,3,412.3553057760516,2915.5610584628,3205.0312564301016,6120.592314892901,1540,0.9111111111111111
69,2.6,3.6000000000000005,0.28888888888888886,2,3,412.3553057760516,2915.5610584628,3225.227018304557,6140.788076767357,40,0.9777777777777777
70,2.6,3.6000000000000005,0.28888888888888886,2,3,412.3553057760516,2915.5610584628,3205.0312564301016,6120.592314892901,440,0.9555555555555556
71,2.6,3.6000000000000005,0.28888888888888886,2,3,412.3553057760516,2915.5610584628,3205.0312564301016,6120.592314892901,80,0.9555555555555556
72,2.6,3.6000000000000005,0.28888888888888886,2,3,412.3553057760516,2915.5610584628,3278.8242364968137,6194.385294959613,740,0.9111111111111111
73,2.6,3.6000000000000005,0.28888888888888886,2,3,412.3553057760516,2915.5610584628,3225.227018304557,6140.788076767357,1340,0.9111111111111111
74,2.6,3.6000000000000005,0.28888888888888886,2,3,412.3553057760516,2915.5610584628,3205.0312564301016,6120.592314892901,1480,0.9111111111111111
75,2.6,3.6000000000000005,0.28888888888888886,2,3,412.3553057760516,2915.5610584628,3189.8358265276975,5550.446741145892,1520,0.8888888888888888
76,2.6,3.6000000000000005,0.28888888888888886,2,3,412.3553057760516,2915.5610584628,3208.7213816108488,6124.282440073648,40,0.9777777777777777
77,2.6,3.6000000000000005,0.28888888888888886,2,3,412.3553057760516,2915.5610584628,3208.7213816108488,6124.282440073648,40,0.9777777777777777
78,2.6,3.6000000000000005,0.28888888888888886,2,3,412.3553057760516,2915.5610584628,3189.8358265276975,5550.446741145892,1880,0.8444444444444444
79,2.6,3.6000000000000005,0.28888888888888886,2,3,412.3553057760516,2915.5610584628,3208.7213816108488,6124.282440073648,440,0.9555555555555556
80,2.6,3.6000000000000005,0.28888888888888886,2,3,412.3553057760516,2915.5610584628,3205.0312564301016,6120.592314892901,440,0.9555555555555556
81,2.6,3.6000000000000005,0.28888888888888886,2,3,412.3553057760516,2915.5610584628,3189.8358265276975,5550.446741145892,1020,0.8444444444444444
82,2.6,3.6000000000000005,0.28888888888888886,2,3,412.3553057760516,2915.5610584628,3208.7213816108488,6124.282440073648,80,0.9555555555555556
83,2.6,3.6000000000000005,0.28888888888888886,2,3,412.3553057760516,2915.5610584628,3205.0312564301016,6120.592314892901,80,0.9555555555555556
84,2.6,3.6000000000000005,0.28888888888888886,2,3,412.3553057760516,2915.5610584628,3208.7213816108488,6124.282440073648,740,0.9111111111111111
85,2.6,3.6000000000000005,0.28888888888888886,2,3,412.3553057760516,2915.5610584628,3208.7213816108488,6124.282440073648,1340,0.9111111111111111
86,2.6,3.6000000000000005,0.28888888888888886,2,3,412.3553057760516,2915.5610584628,3205.0312564301016,6120.592314892901,1480,0.9111111111111111
87,2.6,3.6000000000000005,0.28888888888888886,2,3,412.3553057760516,2915.5610584628,3208.7213816108488,6124.282440073648,740,0.9111111111111111
88,2.6,3.6000000000000005,0.28888888888888886,2,3,412.3553057760516,2915.5610584628,3208.7213816108488,6124.282440073648,1340,0.9111111111111111
89,2.6,3.6000000000000005,0.28888888888888886,2,3,412.3553057760516,2915.5610584628,3208.7213816108488,6124.282440073648,1480,0.9111111111111111
90,2.6,3.6000000000000005,0.28888888888888886,2,3,365.43644302507414,2915.5610584628,3278.8242364968137,5620.549596031857,2080,0.8444444444444444
91,2.6,3.6000000000000005,0.28888888888888886,2,3,365.43644302507414,2915.5610584628,3225.227018304557,5566.9523778396,2140,0.8444444444444444
92,2.6,3.6000000000000005,0.28888888888888886,2,3,365.43644302507414,2915.5610584628,3225.227018304557,6140.788076767357,240,0.9555555555555556
93,2.6,3.6000000000000005,0.28888888888888886,2,3,365.43644302507414,2915.5610584628,3172.440855841918,5546.756615965145,2480,0.8666666666666667
94,2.6,3.6000000000000005,0.28888888888888886,2,3,365.43644302507414,2915.5610584628,3205.0312564301016,6120.592314892901,240,0.9555555555555556
95,2.6,3.6000000000000005,0.28888888888888886,2,3,365.43644302507414,2915.5610584628,3205.0312564301016,6120.592314892901,240,0.9555555555555556
96,2.6,3.6000000000000005,0.28888888888888886,2,3,294.4695548715736,2915.5610584628,3278.8242364968137,5620.549596031857,2280,0.8222222222222222
97,2.6,3.6000000000000005,0.28888888888888886,2,3,296.5558211351698,2915.5610584628,3225.227018304557,5566.9523778396,1240,0.8666666666666667
98,2.6,3.6000000000000005,0.28888888888888886,2,3,296.5558211351698,2915.5610584628,3225.227018304557,6140.788076767357,340,0.9333333333333333
99,2.6,3.6000000000000005,0.28888888888888886,2,3,296.5558211351698,2915.5610584628,3289.741313352065,5631.466672887108,1840,0.8666666666666667
100,2.6,3.6000000000000005,0.28888888888888886,2,3,296.5558211351698,2915.5610584628,3278.8242364968137,6194.385294959613,340,0.9333333333333333
101,2.6,3.6000000000000005,0.28888888888888886,2,3,296.5558211351698,2915.5610584628,3225.227018304557,6140.788076767357,240,0.9555555555555556
102,2.6,3.6000000000000005,0.28888888888888886,2,3,412.3553057760516,2915.5610584628,3278.8242364968137,5620.549596031857,1280,0.8666666666666667
103,2.6,3.6000000000000005,0.28888888888888886,2,3,412.3553057760516,2915.5610584628,3172.440855841918,5546.756615965145,1040,0.8888888888888888
104,2.6,3.6000000000000005,0.28888888888888886,2,3,412.3553057760516,2915.5610584628,3205.0312564301016,6120.592314892901,200,0.9777777777777777
105,2.6,3.6000000000000005,0.28888888888888886,2,3,412.3553057760516,2915.5610584628,3289.741313352065,5631.466672887108,1100,0.8888888888888888
106,2.6,3.6000000000000005,0.28888888888888886,2,3,412.3553057760516,2915.5610584628,3278.8242364968137,6194.385294959613,200,0.9777777777777777
107,2.6,3.6000000000000005,0.28888888888888886,2,3,412.3553057760516,2915.5610584628,3205.0312564301016,6120.592314892901,200,0.9777777777777777
108,2.6,3.6000000000000005,0.28888888888888886,2,3,412.3553057760516,2915.5610584628,3225.227018304557,5566.9523778396,2040,0.8888888888888888
109,2.6,3.6000000000000005,0.28888888888888886,2,3,294.4695548715736,2915.5610584628,3172.440855841918,5546.756615965145,2840,0.8666666666666667
110,2.6,3.6000000000000005,0.28888888888888886,2,3,412.3553057760516,2915.5610584628,3205.0312564301016,6120.592314892901,0,1.0
111,2.6,3.6000000000000005,0.28888888888888886,2,3,412.3553057760516,2915.5610584628,3289.741313352065,5631.466672887108,2000,0.8888888888888888
112,2.6,3.6000000000000005,0.28888888888888886,2,3,412.3553057760516,2915.5610584628,3225.227018304557,6140.788076767357,0,1.0
113,2.6,3.6000000000000005,0.28888888888888886,2,3,412.3553057760516,2915.5610584628,3205.0312564301016,6120.592314892901,0,1.0
114,2.6,3.6000000000000005,0.28888888888888886,2,3,412.3553057760516,2915.5610584628,3225.227018304557,6140.788076767357,40,0.9777777777777777
115,2.6,3.6000000000000005,0.28888888888888886,2,3,294.4695548715736,2915.5610584628,3205.0312564301016,6120.592314892901,240,0.9555555555555556
116,2.6,3.6000000000000005,0.28888888888888886,2,3,412.3553057760516,2915.5610584628,3205.0312564301016,6120.592314892901,0,1.0
117,2.6,3.6000000000000005,0.28888888888888886,2,3,412.3553057760516,2915.5610584628,3278.8242364968137,6194.385294959613,200,0.9777777777777777
118,2.6,3.6000000000000005,0.28888888888888886,2,3,412.3553057760516,2915.5610584628,3225.227018304557,6140.788076767357,100,0.9777777777777777
119,2.6,3.6000000000000005,0.28888888888888886,2,3,412.3553057760516,2915.5610584628,3205.0312564301016,6120.592314892901,0,1.0
120,2.6,3.6000000000000005,0.28888888888888886,2,3,412.3553057760516,2915.5610584628,3189.8358265276975,5550.446741145892,1480,0.8888888888888888
121,2.6,3.6000000000000005,0.28888888888888886,2,3,412.3553057760516,2915.5610584628,3208.7213816108488,6124.282440073648,40,0.9777777777777777
122,2.6,3.6000000000000005,0.28888888888888886,2,3,412.3553057760516,2915.5610584628,3208.7213816108488,6124.282440073648,40,0.9777777777777777
123,2.6,3.6000000000000005,0.28888888888888886,2,3,294.4695548715736,2915.5610584628,3189.8358265276975,5550.446741145892,1740,0.8666666666666667
124,2.6,3.6000000000000005,0.28888888888888886,2,3,294.4695548715736,2915.5610584628,3208.7213816108488,6124.282440073648,240,0.9555555555555556
125,2.6,3.6000000000000005,0.28888888888888886,2,3,294.4695548715736,2915.5610584628,3205.0312564301016,6120.592314892901,240,0.9555555555555556
126,2.6,3.6000000000000005,0.28888888888888886,2,3,412.3553057760516,2915.5610584628,3189.8358265276975,5550.446741145892,840,0.8888888888888888
127,2.6,3.6000000000000005,0.28888888888888886,2,3,412.3553057760516,2915.5610584628,3208.7213816108488,6124.282440073648,0,1.0
128,2.6,3.6000000000000005,0.28888888888888886,2,3,412.3553057760516,2915.5610584628,3205.0312564301016,6120.592314892901,0,1.0
129,2.6,3.6000000000000005,0.28888888888888886,2,3,412.3553057760516,2915.5610584628,3208.7213816108488,6124.282440073648,200,0.9777777777777777
130,2.6,3.6000000000000005,0.28888888888888886,2,3,412.3553057760516,2915.5610584628,3208.7213816108488,6124.282440073648,100,0.9777777777777777
131,2.6,3.6000000000000005,0.28888888888888886,2,3,412.3553057760516,2915.5610584628,3205.0312564301016,6120.592314892901,0,1.0
132,2.6,3.6000000000000005,0.28888888888888886,2,3,412.3553057760516,2915.5610584628,3208.7213816108488,6124.282440073648,200,0.9777777777777777
133,2.6,3.6000000000000005,0.28888888888888886,2,3,412.3553057760516,2915.5610584628,3208.7213816108488,6124.282440073648,100,0.9777777777777777
134,2.6,3.6000000000000005,0.28888888888888886,2,3,412.3553057760516,2915.5610584628,3208.7213816108488,6124.282440073648,0,1.0
135,2.6,3.6000000000000005,0.28888888888888886,2,3,239.02331360824977,2915.5610584628,3278.8242364968137,5620.549596031857,1880,0.7777777777777778
136,2.6,3.6000000000000005,0.28888888888888886,2,3,239.02331360824977,2915.5610584628,3225.227018304557,5566.9523778396,1520,0.7777777777777778
137,2.6,3.6000000000000005,0.28888888888888886,2,3,239.02331360824977,2915.5610584628,3225.227018304557,6140.788076767357,2240,0.8222222222222222
138,2.6,3.6000000000000005,0.28888888888888886,2,3,239.02331360824977,2915.5610584628,3320.303796659415,4959.793030544929,3980,0.7333333333333333
139,2.6,3.6000000000000005,0.28888888888888886,2,3,239.02331360824977,2915.5610584628,3278.8242364968137,6194.385294959613,2140,0.8444444444444444
140,2.6,3.6000000000000005,0.28888888888888886,2,3,239.02331360824977,2915.5610584628,3225.227018304557,6140.788076767357,2140,0.8444444444444444
141,2.6,3.6000000000000005,0.28888888888888886,2,3,239.02331360824977,2915.5610584628,3278.8242364968137,5620.549596031857,1380,0.8222222222222222
142,2.6,3.6000000000000005,0.28888888888888886,2,3,239.02331360824977,2915.5610584628,3225.227018304557,5566.9523778396,780,0.8666666666666667
143,2.6,3.6000000000000005,0.28888888888888886,2,3,239.02331360824977,2915.5610584628,3225.227018304557,6140.788076767357,1380,0.8888888888888888
144,2.6,3.6000000000000005,0.28888888888888886,2,3,239.02331360824977,2915.5610584628,3289.741313352065,5631.466672887108,980,0.8666666666666667
145,2.6,3.6000000000000005,0.28888888888888886,2,3,239.02331360824977,2915.5610584628,3278.8242364968137,6194.385294959613,1380,0.8888888888888888
146,2.6,3.6000000000000005,0.28888888888888886,2,3,239.02331360824977,2915.5610584628,3225.227018304557,6140.788076767357,1380,0.8888888888888888
147,2.6,3.6000000000000005,0.28888888888888886,2,3,239.02331360824977,2915.5610584628,3278.8242364968137,5620.549596031857,1640,0.8222222222222222
148,2.6,3.6000000000000005,0.28888888888888886,2,3,239.02331360824977,2915.5610584628,3320.303796659415,4959.793030544929,2580,0.7333333333333333
149,2.6,3.6000000000000005,0.28888888888888886,2,3,239.02331360824977,2915.5610584628,3278.8242364968137,6194.385294959613,2340,0.8444444444444444
150,2.6,3.6000000000000005,0.28888888888888886,2,3,239.02331360824977,2915.5610584628,3289.741313352065,5631.466672887108,1480,0.8222222222222222
151,2.6,3.6000000000000005,0.28888888888888886,2,3,239.02331360824977,2915.5610584628,3278.8242364968137,6194.385294959613,2440,0.8222222222222222
152,2.6,3.6000000000000005,0.28888888888888886,2,3,239.02331360824977,2915.5610584628,3289.741313352065,6205.302371814865,2340,0.8444444444444444
153,2.6,3.6000000000000005,0.28888888888888886,2,3,239.02331360824977,2915.5610584628,3225.227018304557,5566.9523778396,1080,0.8444444444444444
154,2.6,3.6000000000000005,0.28888888888888886,2,3,239.02331360824977,2915.5610584628,3320.303796659415,4959.793030544929,4340,0.7333333333333333
155,2.6,3.6000000000000005,0.28888888888888886,2,3,239.02331360824977,2915.5610584628,3225.227018304557,6140.788076767357,1980,0.8444444444444444
156,2.6,3.6000000000000005,0.28888888888888886,2,3,239.02331360824977,2915.5610584628,3289.741313352065,5631.466672887108,1480,0.8222222222222222
157,2.6,3.6000000000000005,0.28888888888888886,2,3,239.02331360824977,2915.5610584628,3225.227018304557,6140.788076767357,2080,0.8222222222222222
158,2.6,3.6000000000000005,0.28888888888888886,2,3,239.02331360824977,2915.5610584628,3289.741313352065,6205.302371814865,1980,0.8444444444444444
159,2.6,3.6000000000000005,0.28888888888888886,2,3,239.02331360824977,2915.5610584628,3225.227018304557,6140.788076767357,1580,0.8666666666666667
160,2.6,3.6000000000000005,0.28888888888888886,2,3,239.02331360824977,2915.5610584628,3278.8242364968137,6194.385294959613,2240,0.8444444444444444
161,2.6,3.6000000000000005,0.28888888888888886,2,3,239.02331360824977,2915.5610584628,3225.227018304557,6140.788076767357,1880,0.8444444444444444
162,2.6,3.6000000000000005,0.28888888888888886,2,3,239.02331360824977,2915.5610584628,3278.8242364968137,6194.385294959613,1980,0.8444444444444444
163,2.6,3.6000000000000005,0.28888888888888886,2,3,239.02331360824977,2915.5610584628,3225.227018304557,6140.788076767357,1620,0.8444444444444444
164,2.6,3.6000000000000005,0.28888888888888886,2,3,239.02331360824977,2915.5610584628,3289.741313352065,6205.302371814865,2080,0.8444444444444444
165,2.6,3.6000000000000005,0.28888888888888886,2,3,239.02331360824977,2915.5610584628,3189.8358265276975,5550.446741145892,1180,0.8444444444444444
166,2.6,3.6000000000000005,0.28888888888888886,2,3,239.02331360824977,2915.5610584628,3208.7213816108488,6124.282440073648,1580,0.8666666666666667
167,2.6,3.6000000000000005,0.28888888888888886,2,3,239.02331360824977,2915.5610584628,3208.7213816108488,6124.282440073648,1580,0.8666666666666667
168,2.6,3.6000000000000005,0.28888888888888886,2,3,239.02331360824977,2915.5610584628,3189.8358265276975,5550.446741145892,1420,0.8
169,2.6,3.6000000000000005,0.28888888888888886,2,3,239.02331360824977,2915.5610584628,3208.7213816108488,6124.282440073648,2340,0.8222222222222222
170,2.6,3.6000000000000005,0.28888888888888886,2,3,239.02331360824977,2915.5610584628,3208.7213816108488,6124.282440073648,2240,0.8444444444444444
171,2.6,3.6000000000000005,0.28888888888888886,2,3,239.02331360824977,2915.5610584628,3189.8358265276975,5550.446741145892,1380,0.8222222222222222
172,2.6,3.6000000000000005,0.28888888888888886,2,3,239.02331360824977,2915.5610584628,3208.7213816108488,6124.282440073648,1980,0.8222222222222222
173,2.6,3.6000000000000005,0.28888888888888886,2,3,239.02331360824977,2915.5610584628,3208.7213816108488,6124.282440073648,1880,0.8444444444444444
174,2.6,3.6000000000000005,0.28888888888888886,2,3,239.02331360824977,2915.5610584628,3208.7213816108488,6124.282440073648,1980,0.8444444444444444
175,2.6,3.6000000000000005,0.28888888888888886,2,3,239.02331360824977,2915.5610584628,3208.7213816108488,6124.282440073648,1620,0.8444444444444444
176,2.6,3.6000000000000005,0.28888888888888886,2,3,239.02331360824977,2915.5610584628,3208.7213816108488,6124.282440073648,2080,0.8444444444444444
177,2.6,3.6000000000000005,0.28888888888888886,2,3,239.02331360824977,2915.5610584628,3208.7213816108488,6124.282440073648,1980,0.8444444444444444
178,2.6,3.6000000000000005,0.28888888888888886,2,3,239.02331360824977,2915.5610584628,3208.7213816108488,6124.282440073648,1620,0.8444444444444444
179,2.6,3.6000000000000005,0.28888888888888886,2,3,239.02331360824977,2915.5610584628,3208.7213816108488,6124.282440073648,2180,0.8222222222222222
180,2.6,3.6000000000000005,0.28888888888888886,2,3,365.43644302507414,2915.5610584628,3278.8242364968137,5620.549596031857,1780,0.8444444444444444
181,2.6,3.6000000000000005,0.28888888888888886,2,3,365.43644302507414,2915.5610584628,3172.440855841918,5546.756615965145,1620,0.8444444444444444
182,2.6,3.6000000000000005,0.28888888888888886,2,3,365.43644302507414,2915.5610584628,3205.0312564301016,6120.592314892901,1340,0.9111111111111111
183,2.6,3.6000000000000005,0.28888888888888886,2,3,365.43644302507414,2915.5610584628,3320.303796659415,4959.793030544929,3480,0.7555555555555555
184,2.6,3.6000000000000005,0.28888888888888886,2,3,365.43644302507414,2915.5610584628,3278.8242364968137,6194.385294959613,1340,0.9111111111111111
185,2.6,3.6000000000000005,0.28888888888888886,2,3,365.43644302507414,2915.5610584628,3205.0312564301016,6120.592314892901,1340,0.9111111111111111
186,2.6,3.6000000000000005,0.28888888888888886,2,3,412.3553057760516,2915.5610584628,3278.8242364968137,5620.549596031857,780,0.8666666666666667
187,2.6,3.6000000000000005,0.28888888888888886,2,3,412.3553057760516,2915.5610584628,3172.440855841918,5546.756615965145,680,0.8888888888888888
188,2.6,3.6000000000000005,0.28888888888888886,2,3,412.3553057760516,2915.5610584628,3205.0312564301016,6120.592314892901,200,0.9777777777777777
189,2.6,3.6000000000000005,0.28888888888888886,2,3,412.3553057760516,2915.5610584628,3289.741313352065,5631.466672887108,640,0.8888888888888888
190,2.6,3.6000000000000005,0.28888888888888886,2,3,412.3553057760516,2915.5610584628,3278.8242364968137,6194.385294959613,200,0.9777777777777777
191,2.6,3.6000000000000005,0.28888888888888886,2,3,412.3553057760516,2915.5610584628,3205.0312564301016,6120.592314892901,200,0.9777777777777777
192,2.6,3.6000000000000005,0.28888888888888886,2,3,296.5558211351698,2915.5610584628,3278.8242364968137,5620.549596031857,2040,0.8222222222222222
193,2.6,3.6000000000000005,0.28888888888888886,2,3,296.5558211351698,2915.5610584628,3320.303796659415,4959.793030544929,2880,0.7333333333333333
194,2.6,3.6000000000000005,0.28888888888888886,2,3,296.5558211351698,2915.5610584628,3278.8242364968137,6194.385294959613,1500,0.8888888888888888
195,2.6,3.6000000000000005,0.28888888888888886,2,3,296.5558211351698,2915.5610584628,3289.741313352065,5631.466672887108,1880,0.8222222222222222
196,2.6,3.6000000000000005,0.28888888888888886,2,3,296.5558211351698,2915.5610584628,3278.8242364968137,6194.385294959613,1500,0.8888888888888888
197,2.6,3.6000000000000005,0.28888888888888886,2,3,296.5558211351698,2915.5610584628,3289.741313352065,6205.302371814865,1400,0.9111111111111111
198,2.6,3.6000000000000005,0.28888888888888886,2,3,412.3553057760516,2915.5610584628,3172.440855841918,5546.756615965145,1740,0.8666666666666667
199,2.6,3.6000000000000005,0.28888888888888886,2,3,412.3553057760516,2915.5610584628,3320.303796659415,4959.793030544929,3880,0.7333333333333333
200,2.6,3.6000000000000005,0.28888888888888886,2,3,412.3553057760516,2915.5610584628,3205.0312564301016,6120.592314892901,1340,0.9111111111111111
201,2.6,3.6000000000000005,0.28888888888888886,2,3,412.3553057760516,2915.5610584628,3289.741313352065,5631.466672887108,1540,0.8888888888888888
202,2.6,3.6000000000000005,0.28888888888888886,2,3,412.3553057760516,2915.5610584628,3205.0312564301016,6120.592314892901,1340,0.9111111111111111
203,2.6,3.6000000000000005,0.28888888888888886,2,3,412.3553057760516,2915.5610584628,3289.741313352065,6205.302371814865,1340,0.9111111111111111
204,2.6,3.6000000000000005,0.28888888888888886,2,3,412.3553057760516,2915.5610584628,3205.0312564301016,6120.592314892901,400,0.9555555555555556
205,2.6,3.6000000000000005,0.28888888888888886,2,3,412.3553057760516,2915.5610584628,3278.8242364968137,6194.385294959613,540,0.9111111111111111
206,2.6,3.6000000000000005,0.28888888888888886,2,3,412.3553057760516,2915.5610584628,3205.0312564301016,6120.592314892901,480,0.9111111111111111
207,2.6,3.6000000000000005,0.28888888888888886,2,3,412.3553057760516,2915.5610584628,3278.8242364968137,6194.385294959613,200,0.9777777777777777
208,2.6,3.6000000000000005,0.28888888888888886,2,3,412.3553057760516,2915.5610584628,3205.0312564301016,6120.592314892901,40,0.9777777777777777
209,2.6,3.6000000000000005,0.28888888888888886,2,3,412.3553057760516,2915.5610584628,3289.741313352065,6205.302371814865,340,0.9333333333333333
210,2.6,3.6000000000000005,0.28888888888888886,2,3,412.3553057760516,2915.5610584628,3189.8358265276975,5550.446741145892,740,0.8888888888888888
211,2.6,3.6000000000000005,0.28888888888888886,2,3,412.3553057760516,2915.5610584628,3208.7213816108488,6124.282440073648,400,0.9555555555555556
212,2.6,3.6000000000000005,0.28888888888888886,2,3,412.3553057760516,2915.5610584628,3205.0312564301016,6120.592314892901,400,0.9555555555555556
213,2.6,3.6000000000000005,0.28888888888888886,2,3,412.3553057760516,2915.5610584628,3189.8358265276975,5550.446741145892,820,0.8444444444444444
214,2.6,3.6000000000000005,0.28888888888888886,2,3,412.3553057760516,2915.5610584628,3208.7213816108488,6124.282440073648,540,0.9111111111111111
215,2.6,3.6000000000000005,0.28888888888888886,2,3,412.3553057760516,2915.5610584628,3208.7213816108488,6124.282440073648,540,0.9111111111111111
216,2.6,3.6000000000000005,0.28888888888888886,2,3,412.3553057760516,2915.5610584628,3189.8358265276975,5550.446741145892,680,0.8888888888888888
217,2.6,3.6000000000000005,0.28888888888888886,2,3,412.3553057760516,2915.5610584628,3205.0312564301016,6120.592314892901,480,0.9111111111111111
218,2.6,3.6000000000000005,0.28888888888888886,2,3,412.3553057760516,2915.5610584628,3208.7213816108488,6124.282440073648,480,0.9111111111111111
219,2.6,3.6000000000000005,0.28888888888888886,2,3,412.3553057760516,2915.5610584628,3208.7213816108488,6124.282440073648,200,0.9777777777777777
220,2.6,3.6000000000000005,0.28888888888888886,2,3,412.3553057760516,2915.5610584628,3205.0312564301016,6120.592314892901,40,0.9777777777777777
221,2.6,3.6000000000000005,0.28888888888888886,2,3,412.3553057760516,2915.5610584628,3208.7213816108488,6124.282440073648,340,0.9333333333333333
222,2.6,3.6000000000000005,0.28888888888888886,2,3,412.3553057760516,2915.5610584628,3208.7213816108488,6124.282440073648,200,0.9777777777777777
223,2.6,3.6000000000000005,0.28888888888888886,2,3,412.3553057760516,2915.5610584628,3208.7213816108488,6124.282440073648,40,0.9777777777777777
224,2.6,3.6000000000000005,0.28888888888888886,2,3,412.3553057760516,2915.5610584628,3208.7213816108488,6124.282440073648,340,0.9333333333333333
225,2.6,3.6000000000000005,0.28888888888888886,2,3,365.43644302507414,2915.5610584628,3225.227018304557,5566.9523778396,1540,0.8888888888888888
226,2.6,3.6000000000000005,0.28888888888888886,2,3,365.43644302507414,2915.5610584628,3172.440855841918,5546.756615965145,1540,0.8888888888888888
227,2.6,3.6000000000000005,0.28888888888888886,2,3,365.43644302507414,2915.5610584628,3205.0312564301016,6120.592314892901,1300,0.9333333333333333
228,2.6,3.6000000000000005,0.28888888888888886,2,3,365.43644302507414,2915.5610584628,3320.303796659415,4959.793030544929,3440,0.7777777777777778
229,2.6,3.6000000000000005,0.28888888888888886,2,3,365.43644302507414,2915.5610584628,3225.227018304557,6140.788076767357,1300,0.9333333333333333
230,2.6,3.6000000000000005,0.28888888888888886,2,3,365.43644302507414,2915.5610584628,3205.0312564301016,6120.592314892901,1300,0.9333333333333333
231,2.6,3.6000000000000005,0.28888888888888886,2,3,412.3553057760516,2915.5610584628,3225.227018304557,5566.9523778396,1340,0.9111111111111111
232,2.6,3.6000000000000005,0.28888888888888886,2,3,294.4695548715736,2915.5610584628,3172.440855841918,5546.756615965145,1440,0.9111111111111111
233,2.6,3.6000000000000005,0.28888888888888886,2,3,412.3553057760516,2915.5610584628,3205.0312564301016,6120.592314892901,0,1.0
234,2.6,3.6000000000000005,0.28888888888888886,2,3,412.3553057760516,2915.5610584628,3289.741313352065,5631.466672887108,700,0.9111111111111111
235,2.6,3.6000000000000005,0.28888888888888886,2,3,412.3553057760516,2915.5610584628,3225.227018304557,6140.788076767357,0,1.0
236,2.6,3.6000000000000005,0.28888888888888886,2,3,412.3553057760516,2915.5610584628,3205.0312564301016,6120.592314892901,0,1.0
237,2.6,3.6000000000000005,0.28888888888888886,2,3,296.5558211351698,2915.5610584628,3225.227018304557,5566.9523778396,840,0.8666666666666667
238,2.6,3.6000000000000005,0.28888888888888886,2,3,294.4695548715736,2915.5610584628,3320.303796659415,4959.793030544929,3600,0.7777777777777778
239,2.6,3.6000000000000005,0.28888888888888886,2,3,296.5558211351698,2915.5610584628,3225.227018304557,6140.788076767357,700,0.8888888888888888
240,2.6,3.6000000000000005,0.28888888888888886,2,3,296.5558211351698,2915.5610584628,3289.741313352065,5631.466672887108,1040,0.8444444444444444
241,2.6,3.6000000000000005,0.28888888888888886,2,3,296.5558211351698,2915.5610584628,3225.227018304557,6140.788076767357,700,0.8888888888888888
242,2.6,3.6000000000000005,0.28888888888888886,2,3,296.5558211351698,2915.5610584628,3289.741313352065,6205.302371814865,700,0.8888888888888888
243,2.6,3.6000000000000005,0.28888888888888886,2,3,412.3553057760516,2915.5610584628,3172.440855841918,5546.756615965145,700,0.9111111111111111
244,2.6,3.6000000000000005,0.28888888888888886,2,3,412.3553057760516,2915.5610584628,3320.303796659415,4959.793030544929,2840,0.7777777777777778
245,2.6,3.6000000000000005,0.28888888888888886,2,3,412.3553057760516,2915.5610584628,3205.0312564301016,6120.592314892901,500,0.9333333333333333
246,2.6,3.6000000000000005,0.28888888888888886,2,3,412.3553057760516,2915.5610584628,3289.741313352065,5631.466672887108,700,0.9111111111111111
247,2.6,3.6000000000000005,0.28888888888888886,2,3,412.3553057760516,2915.5610584628,3205.0312564301016,6120.592314892901,500,0.9333333333333333
248,2.6,3.6000000000000005,0.28888888888888886,2,3,412.3553057760516,2915.5610584628,3289.741313352065,6205.302371814865,500,0.9333333333333333
249,2.6,3.6000000000000005,0.28888888888888886,2,3,412.3553057760516,2915.5610584628,3205.0312564301016,6120.592314892901,0,1.0
250,2.6,3.6000000000000005,0.28888888888888886,2,3,412.3553057760516,2915.5610584628,3225.227018304557,6140.788076767357,1300,0.9333333333333333
251,2.6,3.6000000000000005,0.28888888888888886,2,3,294.4695548715736,2915.5610584628,3205.0312564301016,6120.592314892901,1200,0.9555555555555556
252,2.6,3.6000000000000005,0.28888888888888886,2,3,412.3553057760516,2915.5610584628,3225.227018304557,6140.788076767357,0,1.0
253,2.6,3.6000000000000005,0.28888888888888886,2,3,412.3553057760516,2915.5610584628,3205.0312564301016,6120.592314892901,0,1.0
254,2.6,3.6000000000000005,0.28888888888888886,2,3,412.3553057760516,2915.5610584628,3289.741313352065,6205.302371814865,500,0.9333333333333333
255,2.6,3.6000000000000005,0.28888888888888886,2,3,412.3553057760516,2915.5610584628,3189.8358265276975,5550.446741145892,700,0.9111111111111111
256,2.6,3.6000000000000005,0.28888888888888886,2,3,412.3553057760516,2915.5610584628,3208.7213816108488,6124.282440073648,0,1.0
257,2.6,3.6000000000000005,0.28888888888888886,2,3,412.3553057760516,2915.5610584628,3205.0312564301016,6120.592314892901,0,1.0
258,2.6,3.6000000000000005,0.28888888888888886,2,3,412.3553057760516,2915.5610584628,3189.8358265276975,5550.446741145892,1540,0.8888888888888888
259,2.6,3.6000000000000005,0.28888888888888886,2,3,412.3553057760516,2915.5610584628,3208.7213816108488,6124.282440073648,1300,0.9333333333333333
260,2.6,3.6000000000000005,0.28888888888888886,2,3,412.3553057760516,2915.5610584628,3208.7213816108488,6124.282440073648,1300,0.9333333333333333
261,2.6,3.6000000000000005,0.28888888888888886,2,3,294.4695548715736,2915.5610584628,3189.8358265276975,5550.446741145892,1440,0.9111111111111111
262,2.6,3.6000000000000005,0.28888888888888886,2,3,294.4695548715736,2915.5610584628,3205.0312564301016,6120.592314892901,1200,0.9555555555555556
263,2.6,3.6000000000000005,0.28888888888888886,2,3,294.4695548715736,2915.5610584628,3208.7213816108488,6124.282440073648,1200,0.9555555555555556
264,2.6,3.6000000000000005,0.28888888888888886,2,3,412.3553057760516,2915.5610584628,3208.7213816108488,6124.282440073648,0,1.0
265,2.6,3.6000000000000005,0.28888888888888886,2,3,412.3553057760516,2915.5610584628,3205.0312564301016,6120.592314892901,0,1.0
266,2.6,3.6000000000000005,0.28888888888888886,2,3,412.3553057760516,2915.5610584628,3208.7213816108488,6124.282440073648,500,0.9333333333333333
267,2.6,3.6000000000000005,0.28888888888888886,2,3,412.3553057760516,2915.5610584628,3208.7213816108488,6124.282440073648,0,1.0
268,2.6,3.6000000000000005,0.28888888888888886,2,3,412.3553057760516,2915.5610584628,3208.7213816108488,6124.282440073648,0,1.0
269,2.6,3.6000000000000005,0.28888888888888886,2,3,412.3553057760516,2915.5610584628,3208.7213816108488,6124.282440073648,500,0.9333333333333333
270,2.6,3.6000000000000005,0.28888888888888886,2,3,365.43644302507414,2915.5610584628,3225.227018304557,6140.788076767357,240,0.9555555555555556
271,2.6,3.6000000000000005,0.28888888888888886,2,3,365.43644302507414,2915.5610584628,3205.0312564301016,6120.592314892901,240,0.9555555555555556
272,2.6,3.6000000000000005,0.28888888888888886,2,3,365.43644302507414,2915.5610584628,3205.0312564301016,6120.592314892901,240,0.9555555555555556
273,2.6,3.6000000000000005,0.28888888888888886,2,3,365.43644302507414,2915.5610584628,3278.8242364968137,6194.385294959613,1640,0.9111111111111111
274,2.6,3.6000000000000005,0.28888888888888886,2,3,365.43644302507414,2915.5610584628,3225.227018304557,6140.788076767357,1800,0.9111111111111111
275,2.6,3.6000000000000005,0.28888888888888886,2,3,365.43644302507414,2915.5610584628,3205.0312564301016,6120.592314892901,2240,0.9111111111111111
276,2.6,3.6000000000000005,0.28888888888888886,2,3,412.3553057760516,2915.5610584628,3225.227018304557,6140.788076767357,40,0.9777777777777777
277,2.6,3.6000000000000005,0.28888888888888886,2,3,294.4695548715736,2915.5610584628,3205.0312564301016,6120.592314892901,240,0.9555555555555556
278,2.6,3.6000000000000005,0.28888888888888886,2,3,412.3553057760516,2915.5610584628,3205.0312564301016,6120.592314892901,0,1.0
279,2.6,3.6000000000000005,0.28888888888888886,2,3,412.3553057760516,2915.5610584628,3278.8242364968137,6194.385294959613,200,0.9777777777777777
280,2.6,3.6000000000000005,0.28888888888888886,2,3,412.3553057760516,2915.5610584628,3225.227018304557,6140.788076767357,100,0.9777777777777777
281,2.6,3.6000000000000005,0.28888888888888886,2,3,412.3553057760516,2915.5610584628,3205.0312564301016,6120.592314892901,0,1.0
282,2.6,3.6000000000000005,0.28888888888888886,2,3,296.5558211351698,2915.5610584628,3225.227018304557,6140.788076767357,340,0.9333333333333333
283,2.6,3.6000000000000005,0.28888888888888886,2,3,294.4695548715736,2915.5610584628,3278.8242364968137,6194.385294959613,1900,0.8888888888888888
284,2.6,3.6000000000000005,0.28888888888888886,2,3,296.5558211351698,2915.5610584628,3225.227018304557,6140.788076767357,1100,0.8888888888888888
285,2.6,3.6000000000000005,0.28888888888888886,2,3,296.5558211351698,2915.5610584628,3278.8242364968137,6194.385294959613,540,0.9111111111111111
286,2.6,3.6000000000000005,0.28888888888888886,2,3,296.5558211351698,2915.5610584628,3225.227018304557,6140.788076767357,540,0.9111111111111111
287,2.6,3.6000000000000005,0.28888888888888886,2,3,296.5558211351698,2915.5610584628,3289.741313352065,6205.302371814865,1700,0.8888888888888888
288,2.6,3.6000000000000005,0.28888888888888886,2,3,412.3553057760516,2915.5610584628,3205.0312564301016,6120.592314892901,200,0.9777777777777777
289,2.6,3.6000000000000005,0.28888888888888886,2,3,412.3553057760516,2915.5610584628,3278.8242364968137,6194.385294959613,1040,0.9111111111111111
290,2.6,3.6000000000000005,0.28888888888888886,2,3,412.3553057760516,2915.5610584628,3205.0312564301016,6120.592314892901,840,0.9111111111111111
291,2.6,3.6000000000000005,0.28888888888888886,2,3,412.3553057760516,2915.5610584628,3278.8242364968137,6194.385294959613,200,0.9777777777777777
292,2.6,3.6000000000000005,0.28888888888888886,2,3,412.3553057760516,2915.5610584628,3205.0312564301016,6120.592314892901,0,1.0
293,2.6,3.6000000000000005,0.28888888888888886,2,3,412.3553057760516,2915.5610584628,3289.741313352065,6205.302371814865,800,0.9333333333333333
294,2.6,3.6000000000000005,0.28888888888888886,2,3,412.3553057760516,2915.5610584628,3205.0312564301016,6120.592314892901,0,1.0
295,2.6,3.6000000000000005,0.28888888888888886,2,3,412.3553057760516,2915.5610584628,3225.227018304557,6140.788076767357,2000,0.9111111111111111
296,2.6,3.6000000000000005,0.28888888888888886,2,3,294.4695548715736,2915.5610584628,3205.0312564301016,6120.592314892901,2600,0.9111111111111111
297,2.6,3.6000000000000005,0.28888888888888886,2,3,412.3553057760516,2915.5610584628,3225.227018304557,6140.788076767357,0,1.0
298,2.6,3.6000000000000005,0.28888888888888886,2,3,412.3553057760516,2915.5610584628,3205.0312564301016,6120.592314892901,0,1.0
299,2.6,3.6000000000000005,0.28888888888888886,2,3,412.3553057760516,2915.5610584628,3289.741313352065,6205.302371814865,1800,0.9111111111111111
300,2.6,3.6000000000000005,0.28888888888888886,2,3,412.3553057760516,2915.5610584628,3208.7213816108488,6124.282440073648,200,0.9777777777777777
301,2.6,3.6000000000000005,0.28888888888888886,2,3,412.3553057760516,2915.5610584628,3208.7213816108488,6124.282440073648,0,1.0
302,2.6,3.6000000000000005,0.28888888888888886,2,3,412.3553057760516,2915.5610584628,3205.0312564301016,6120.592314892901,0,1.0
303,2.6,3.6000000000000005,0.28888888888888886,2,3,412.3553057760516,2915.5610584628,3208.7213816108488,6124.282440073648,240,0.9555555555555556
304,2.6,3.6000000000000005,0.28888888888888886,2,3,412.3553057760516,2915.5610584628,3208.7213816108488,6124.282440073648,240,0.9555555555555556
305,2.6,3.6000000000000005,0.28888888888888886,2,3,412.3553057760516,2915.5610584628,3208.7213816108488,6124.282440073648,1440,0.9111111111111111
306,2.6,3.6000000000000005,0.28888888888888886,2,3,294.4695548715736,2915.5610584628,3208.7213816108488,6124.282440073648,240,0.9555555555555556
307,2.6,3.6000000000000005,0.28888888888888886,2,3,294.4695548715736,2915.5610584628,3205.0312564301016,6120.592314892901,40,0.9777777777777777
308,2.6,3.6000000000000005,0.28888888888888886,2,3,294.4695548715736,2915.5610584628,3208.7213816108488,6124.282440073648,1400,0.9333333333333333
309,2.6,3.6000000000000005,0.28888888888888886,2,3,412.3553057760516,2915.5610584628,3208.7213816108488,6124.282440073648,0,1.0
310,2.6,3.6000000000000005,0.28888888888888886,2,3,412.3553057760516,2915.5610584628,3205.0312564301016,6120.592314892901,0,1.0
311,2.6,3.6000000000000005,0.28888888888888886,2,3,412.3553057760516,2915.5610584628,3208.7213816108488,6124.282440073648,640,0.9111111111111111
312,2.6,3.6000000000000005,0.28888888888888886,2,3,412.3553057760516,2915.5610584628,3208.7213816108488,6124.282440073648,0,1.0
313,2.6,3.6000000000000005,0.28888888888888886,2,3,412.3553057760516,2915.5610584628,3208.7213816108488,6124.282440073648,100,0.9777777777777777
314,2.6,3.6000000000000005,0.28888888888888886,2,3,412.3553057760516,2915.5610584628,3208.7213816108488,6124.282440073648,200,0.9777777777777777
315,2.6,3.6000000000000005,0.28888888888888886,2,3,365.43644302507414,2915.5610584628,3216.444002541823,5558.169362076866,2480,0.8666666666666667
316,2.6,3.6000000000000005,0.28888888888888886,2,3,365.43644302507414,2915.5610584628,3216.444002541823,6132.005061004623,240,0.9555555555555556
317,2.6,3.6000000000000005,0.28888888888888886,2,3,365.43644302507414,2915.5610584628,3216.444002541823,6132.005061004623,240,0.9555555555555556
318,2.6,3.6000000000000005,0.28888888888888886,2,3,365.43644302507414,2915.5610584628,3216.444002541823,5558.169362076866,2140,0.8444444444444444
319,2.6,3.6000000000000005,0.28888888888888886,2,3,365.43644302507414,2915.5610584628,3216.444002541823,6132.005061004623,240,0.9555555555555556
320,2.6,3.6000000000000005,0.28888888888888886,2,3,365.43644302507414,2915.5610584628,3205.0312564301016,6120.592314892901,240,0.9555555555555556
321,2.6,3.6000000000000005,0.28888888888888886,2,3,365.43644302507414,2915.5610584628,3216.444002541823,5558.169362076866,2080,0.8444444444444444
322,2.6,3.6000000000000005,0.28888888888888886,2,3,365.43644302507414,2915.5610584628,3216.444002541823,6132.005061004623,240,0.9555555555555556
323,2.6,3.6000000000000005,0.28888888888888886,2,3,365.43644302507414,2915.5610584628,3205.0312564301016,6120.592314892901,240,0.9555555555555556
324,2.6,3.6000000000000005,0.28888888888888886,2,3,365.43644302507414,2915.5610584628,3216.444002541823,6132.005061004623,1640,0.9111111111111111
325,2.6,3.6000000000000005,0.28888888888888886,2,3,365.43644302507414,2915.5610584628,3216.444002541823,6132.005061004623,1800,0.9111111111111111
326,2.6,3.6000000000000005,0.28888888888888886,2,3,365.43644302507414,2915.5610584628,3205.0312564301016,6120.592314892901,2240,0.9111111111111111
327,2.6,3.6000000000000005,0.28888888888888886,2,3,365.43644302507414,2915.5610584628,3216.444002541823,6132.005061004623,1640,0.9111111111111111
328,2.6,3.6000000000000005,0.28888888888888886,2,3,365.43644302507414,2915.5610584628,3216.444002541823,6132.005061004623,1800,0.9111111111111111
329,2.6,3.6000000000000005,0.28888888888888886,2,3,365.43644302507414,2915.5610584628,3216.444002541823,6132.005061004623,2240,0.9111111111111111
330,2.6,3.6000000000000005,0.28888888888888886,2,3,412.3553057760516,2915.5610584628,3216.444002541823,5558.169362076866,1480,0.8888888888888888
331,2.6,3.6000000000000005,0.28888888888888886,2,3,412.3553057760516,2915.5610584628,3216.444002541823,6132.005061004623,40,0.9777777777777777
332,2.6,3.6000000000000005,0.28888888888888886,2,3,412.3553057760516,2915.5610584628,3216.444002541823,6132.005061004623,40,0.9777777777777777
333,2.6,3.6000000000000005,0.28888888888888886,2,3,294.4695548715736,2915.5610584628,3216.444002541823,5558.169362076866,1740,0.8666666666666667
334,2.6,3.6000000000000005,0.28888888888888886,2,3,294.4695548715736,2915.5610584628,3216.444002541823,6132.005061004623,240,0.9555555555555556
335,2.6,3.6000000000000005,0.28888888888888886,2,3,294.4695548715736,2915.5610584628,3205.0312564301016,6120.592314892901,240,0.9555555555555556
336,2.6,3.6000000000000005,0.28888888888888886,2,3,412.3553057760516,2915.5610584628,3216.444002541823,5558.169362076866,840,0.8888888888888888
337,2.6,3.6000000000000005,0.28888888888888886,2,3,412.3553057760516,2915.5610584628,3216.444002541823,6132.005061004623,0,1.0
338,2.6,3.6000000000000005,0.28888888888888886,2,3,412.3553057760516,2915.5610584628,3205.0312564301016,6120.592314892901,0,1.0
339,2.6,3.6000000000000005,0.28888888888888886,2,3,412.3553057760516,2915.5610584628,3216.444002541823,6132.005061004623,200,0.9777777777777777
340,2.6,3.6000000000000005,0.28888888888888886,2,3,412.3553057760516,2915.5610584628,3216.444002541823,6132.005061004623,100,0.9777777777777777
341,2.6,3.6000000000000005,0.28888888888888886,2,3,412.3553057760516,2915.5610584628,3205.0312564301016,6120.592314892901,0,1.0
342,2.6,3.6000000000000005,0.28888888888888886,2,3,412.3553057760516,2915.5610584628,3216.444002541823,6132.005061004623,200,0.9777777777777777
343,2.6,3.6000000000000005,0.28888888888888886,2,3,412.3553057760516,2915.5610584628,3216.444002541823,6132.005061004623,100,0.9777777777777777
344,2.6,3.6000000000000005,0.28888888888888886,2,3,412.3553057760516,2915.5610584628,3216.444002541823,6132.005061004623,0,1.0
345,2.6,3.6000000000000005,0.28888888888888886,2,3,296.5558211351698,2915.5610584628,3216.444002541823,5558.169362076866,1840,0.8666666666666667
346,2.6,3.6000000000000005,0.28888888888888886,2,3,296.5558211351698,2915.5610584628,3216.444002541823,6132.005061004623,340,0.9333333333333333
347,2.6,3.6000000000000005,0.28888888888888886,2,3,296.5558211351698,2915.5610584628,3216.444002541823,6132.005061004623,240,0.9555555555555556
348,2.6,3.6000000000000005,0.28888888888888886,2,3,294.4695548715736,2915.5610584628,3216.444002541823,5558.169362076866,2280,0.8222222222222222
349,2.6,3.6000000000000005,0.28888888888888886,2,3,294.4695548715736,2915.5610584628,3216.444002541823,6132.005061004623,1900,0.8888888888888888
350,2.6,3.6000000000000005,0.28888888888888886,2,3,294.4695548715736,2915.5610584628,3216.444002541823,6132.005061004623,1800,0.9111111111111111
351,2.6,3.6000000000000005,0.28888888888888886,2,3,296.5558211351698,2915.5610584628,3216.444002541823,5558.169362076866,1440,0.8444444444444444
352,2.6,3.6000000000000005,0.28888888888888886,2,3,296.5558211351698,2915.5610584628,3216.444002541823,6132.005061004623,1100,0.8888888888888888
353,2.6,3.6000000000000005,0.28888888888888886,2,3,296.5558211351698,2915.5610584628,3216.444002541823,6132.005061004623,1100,0.8888888888888888
354,2.6,3.6000000000000005,0.28888888888888886,2,3,296.5558211351698,2915.5610584628,3216.444002541823,6132.005061004623,540,0.9111111111111111
355,2.6,3.6000000000000005,0.28888888888888886,2,3,296.5558211351698,2915.5610584628,3216.444002541823,6132.005061004623,540,0.9111111111111111
356,2.6,3.6000000000000005,0.28888888888888886,2,3,296.5558211351698,2915.5610584628,3216.444002541823,6132.005061004623,1700,0.8888888888888888
357,2.6,3.6000000000000005,0.28888888888888886,2,3,296.5558211351698,2915.5610584628,3216.444002541823,6132.005061004623,440,0.9333333333333333
358,2.6,3.6000000000000005,0.28888888888888886,2,3,296.5558211351698,2915.5610584628,3216.444002541823,6132.005061004623,540,0.9111111111111111
359,2.6,3.6000000000000005,0.28888888888888886,2,3,296.5558211351698,2915.5610584628,3216.444002541823,6132.005061004623,1700,0.8888888888888888
360,2.6,3.6000000000000005,0.28888888888888886,2,3,412.3553057760516,2915.5610584628,3216.444002541823,5558.169362076866,1000,0.9111111111111111
361,2.6,3.6000000000000005,0.28888888888888886,2,3,412.3553057760516,2915.5610584628,3216.444002541823,6132.005061004623,200,0.9777777777777777
362,2.6,3.6000000000000005,0.28888888888888886,2,3,412.3553057760516,2915.5610584628,3205.0312564301016,6120.592314892901,200,0.9777777777777777
363,2.6,3.6000000000000005,0.28888888888888886,2,3,412.3553057760516,2915.5610584628,3216.444002541823,5558.169362076866,1280,0.8666666666666667
364,2.6,3.6000000000000005,0.28888888888888886,2,3,412.3553057760516,2915.5610584628,3216.444002541823,6132.005061004623,1040,0.9111111111111111
365,2.6,3.6000000000000005,0.28888888888888886,2,3,412.3553057760516,2915.5610584628,3216.444002541823,6132.005061004623,1040,0.9111111111111111
366,2.6,3.6000000000000005,0.28888888888888886,2,3,412.3553057760516,2915.5610584628,3216.444002541823,5558.169362076866,1040,0.8888888888888888
367,2.6,3.6000000000000005,0.28888888888888886,2,3,412.3553057760516,2915.5610584628,3205.0312564301016,6120.592314892901,840,0.9111111111111111
368,2.6,3.6000000000000005,0.28888888888888886,2,3,412.3553057760516,2915.5610584628,3216.444002541823,6132.005061004623,840,0.9111111111111111
369,2.6,3.6000000000000005,0.28888888888888886,2,3,412.3553057760516,2915.5610584628,3216.444002541823,6132.005061004623,200,0.9777777777777777
370,2.6,3.6000000000000005,0.28888888888888886,2,3,412.3553057760516,2915.5610584628,3205.0312564301016,6120.592314892901,0,1.0
371,2.6,3.6000000000000005,0.28888888888888886,2,3,412.3553057760516,2915.5610584628,3216.444002541823,6132.005061004623,800,0.9333333333333333
372,2.6,3.6000000000000005,0.28888888888888886,2,3,412.3553057760516,2915.5610584628,3216.444002541823,6132.005061004623,200,0.9777777777777777
373,2.6,3.6000000000000005,0.28888888888888886,2,3,412.3553057760516,2915.5610584628,3216.444002541823,6132.005061004623,0,1.0
374,2.6,3.6000000000000005,0.28888888888888886,2,3,412.3553057760516,2915.5610584628,3216.444002541823,6132.005061004623,800,0.9333333333333333
375,2.6,3.6000000000000005,0.28888888888888886,2,3,412.3553057760516,2915.5610584628,3216.444002541823,5558.169362076866,2000,0.8888888888888888
376,2.6,3.6000000000000005,0.28888888888888886,2,3,412.3553057760516,2915.5610584628,3216.444002541823,6132.005061004623,0,1.0
377,2.6,3.6000000000000005,0.28888888888888886,2,3,412.3553057760516,2915.5610584628,3205.0312564301016,6120.592314892901,0,1.0
378,2.6,3.6000000000000005,0.28888888888888886,2,3,412.3553057760516,2915.5610584628,3216.444002541823,5558.169362076866,2240,0.8666666666666667
379,2.6,3.6000000000000005,0.28888888888888886,2,3,412.3553057760516,2915.5610584628,3216.444002541823,6132.005061004623,2000,0.9111111111111111
380,2.6,3.6000000000000005,0.28888888888888886,2,3,412.3553057760516,2915.5610584628,3216.444002541823,6132.005061004623,2000,0.9111111111111111
381,2.6,3.6000000000000005,0.28888888888888886,2,3,294.4695548715736,2915.5610584628,3216.444002541823,5558.169362076866,2840,0.8666666666666667
382,2.6,3.6000000000000005,0.28888888888888886,2,3,294.4695548715736,2915.5610584628,3205.0312564301016,6120.592314892901,2600,0.9111111111111111
383,2.6,3.6000000000000005,0.28888888888888886,2,3,294.4695548715736,2915.5610584628,3216.444002541823,6132.005061004623,2600,0.9111111111111111
384,2.6,3.6000000000000005,0.28888888888888886,2,3,412.3553057760516,2915.5610584628,3216.444002541823,6132.005061004623,0,1.0
385,2.6,3.6000000000000005,0.28888888888888886,2,3,412.3553057760516,2915.5610584628,3205.0312564301016,6120.592314892901,0,1.0
386,2.6,3.6000000000000005,0.28888888888888886,2,3,412.3553057760516,2915.5610584628,3216.444002541823,6132.005061004623,1800,0.9111111111111111
387,2.6,3.6000000000000005,0.28888888888888886,2,3,412.3553057760516,2915.5610584628,3216.444002541823,6132.005061004623,0,1.0
388,2.6,3.6000000000000005,0.28888888888888886,2,3,412.3553057760516,2915.5610584628,3216.444002541823,6132.005061004623,0,1.0
389,2.6,3.6000000000000005,0.28888888888888886,2,3,412.3553057760516,2915.5610584628,3216.444002541823,6132.005061004623,1800,0.9111111111111111
390,2.6,3.6000000000000005,0.28888888888888886,2,3,412.3553057760516,2915.5610584628,3216.444002541823,6132.005061004623,200,0.9777777777777777
391,2.6,3.6000000000000005,0.28888888888888886,2,3,412.3553057760516,2915.5610584628,3216.444002541823,6132.005061004623,0,1.0
392,2.6,3.6000000000000005,0.28888888888888886,2,3,412.3553057760516,2915.5610584628,3205.0312564301016,6120.592314892901,0,1.0
393,2.6,3.6000000000000005,0.28888888888888886,2,3,412.3553057760516,2915.5610584628,3216.444002541823,6132.005061004623,240,0.9555555555555556
394,2.6,3.6000000000000005,0.28888888888888886,2,3,412.3553057760516,2915.5610584628,3216.444002541823,6132.005061004623,240,0.9555555555555556
395,2.6,3.6000000000000005,0.28888888888888886,2,3,412.3553057760516,2915.5610584628,3216.444002541823,6132.005061004623,1440,0.9111111111111111
396,2.6,3.6000000000000005,0.28888888888888886,2,3,294.4695548715736,2915.5610584628,3216.444002541823,6132.005061004623,240,0.9555555555555556
397,2.6,3.6000000000000005,0.28888888888888886,2,3,294.4695548715736,2915.5610584628,3205.0312564301016,6120.592314892901,40,0.9777777777777777
398,2.6,3.6000000000000005,0.28888888888888886,2,3,294.4695548715736,2915.5610584628,3216.444002541823,6132.005061004623,1400,0.9333333333333333
399,2.6,3.6000000000000005,0.28888888888888886,2,3,412.3553057760516,2915.5610584628,3216.444002541823,6132.005061004623,0,1.0
400,2.6,3.6000000000000005,0.28888888888888886,2,3,412.3553057760516,2915.5610584628,3205.0312564301016,6120.592314892901,0,1.0
401,2.6,3.6000000000000005,0.28888888888888886,2,3,412.3553057760516,2915.5610584628,3216.444002541823,6132.005061004623,640,0.9111111111111111
402,2.6,3.6000000000000005,0.28888888888888886,2,3,412.3553057760516,2915.5610584628,3216.444002541823,6132.005061004623,0,1.0
403,2.6,3.6000000000000005,0.28888888888888886,2,3,412.3553057760516,2915.5610584628,3216.444002541823,6132.005061004623,100,0.9777777777777777
404,2.6,3.6000000000000005,0.28888888888888886,2,3,412.3553057760516,2915.5610584628,3216.444002541823,6132.005061004623,200,0.9777777777777777
405,2.6,3.6000000000000005,0.28888888888888886,2,3,412.3553057760516,2915.5610584628,3208.7213816108488,6124.282440073648,200,0.9777777777777777
406,2.6,3.6000000000000005,0.28888888888888886,2,3,412.3553057760516,2915.5610584628,3208.7213816108488,6124.282440073648,0,1.0
407,2.6,3.6000000000000005,0.28888888888888886,2,3,412.3553057760516,2915.5610584628,3208.7213816108488,6124.282440073648,0,1.0
408,2.6,3.6000000000000005,0.28888888888888886,2,3,412.3553057760516,2915.5610584628,3208.7213816108488,6124.282440073648,240,0.9555555555555556
409,2.6,3.6000000000000005,0.28888888888888886,2,3,412.3553057760516,2915.5610584628,3208.7213816108488,6124.282440073648,240,0.9555555555555556
410,2.6,3.6000000000000005,0.28888888888888886,2,3,412.3553057760516,2915.5610584628,3208.7213816108488,6124.282440073648,1440,0.9111111111111111
411,2.6,3.6000000000000005,0.28888888888888886,2,3,294.4695548715736,2915.5610584628,3208.7213816108488,6124.282440073648,240,0.9555555555555556
412,2.6,3.6000000000000005,0.28888888888888886,2,3,294.4695548715736,2915.5610584628,3208.7213816108488,6124.282440073648,40,0.9777777777777777
413,2.6,3.6000000000000005,0.28888888888888886,2,3,294.4695548715736,2915.5610584628,3208.7213816108488,6124.282440073648,1400,0.9333333333333333
414,2.6,3.6000000000000005,0.28888888888888886,2,3,412.3553057760516,2915.5610584628,3208.7213816108488,6124.282440073648,0,1.0
415,2.6,3.6000000000000005,0.28888888888888886,2,3,412.3553057760516,2915.5610584628,3208.7213816108488,6124.282440073648,0,1.0
416,2.6,3.6000000000000005,0.28888888888888886,2,3,412.3553057760516,2915.5610584628,3208.7213816108488,6124.282440073648,640,0.9111111111111111
417,2.6,3.6000000000000005,0.28888888888888886,2,3,412.3553057760516,2915.5610584628,3208.7213816108488,6124.282440073648,0,1.0
418,2.6,3.6000000000000005,0.28888888888888886,2,3,412.3553057760516,2915.5610584628,3208.7213816108488,6124.282440073648,100,0.9777777777777777
419,2.6,3.6000000000000005,0.28888888888888886,2,3,412.3553057760516,2915.5610584628,3208.7213816108488,6124.282440073648,200,0.9777777777777777
420,2.6,3.6000000000000005,0.28888888888888886,2,3,412.3553057760516,3202.220632439111,3202.220632439111,5543.945991974154,2600,0.8222222222222222
421,2.6,3.6000000000000005,0.28888888888888886,2,3,412.3553057760516,3202.220632439111,3202.220632439111,5543.945991974154,1240,0.8444444444444444
422,2.6,3.6000000000000005,0.28888888888888886,2,3,412.3553057760516,3202.220632439111,2927.446669429208,5543.945991974154,2140,0.8444444444444444
423,2.6,3.6000000000000005,0.28888888888888886,2,3,412.3553057760516,3202.220632439111,3202.220632439111,6118.126068674943,600,0.9111111111111111
424,2.6,3.6000000000000005,0.28888888888888886,2,3,412.3553057760516,3202.220632439111,3202.220632439111,6140.207760633184,500,0.9333333333333333
425,2.6,3.6000000000000005,0.28888888888888886,2,3,412.3553057760516,3202.220632439111,3202.220632439111,6118.126068674943,500,0.9333333333333333
426,2.6,3.6000000000000005,0.28888888888888886,2,3,412.3553057760516,3202.220632439111,3202.220632439111,5543.945991974154,2040,0.8
427,2.6,3.6000000000000005,0.28888888888888886,2,3,412.3553057760516,3202.220632439111,3202.220632439111,5543.945991974154,1680,0.8
428,2.6,3.6000000000000005,0.28888888888888886,2,3,412.3553057760516,3202.220632439111,3202.220632439111,4841.709866324625,4180,0.7333333333333333
429,2.6,3.6000000000000005,0.28888888888888886,2,3,412.3553057760516,3202.220632439111,3202.220632439111,6118.126068674943,1300,0.8666666666666667
430,2.6,3.6000000000000005,0.28888888888888886,2,3,412.3553057760516,3202.220632439111,3202.220632439111,6118.990454826182,1100,0.9111111111111111
431,2.6,3.6000000000000005,0.28888888888888886,2,3,412.3553057760516,3202.220632439111,3202.220632439111,6118.126068674943,1100,0.9111111111111111
432,2.6,3.6000000000000005,0.28888888888888886,2,3,294.4695548715736,3202.220632439111,3202.220632439111,5543.945991974154,2540,0.8222222222222222
433,2.6,3.6000000000000005,0.28888888888888886,2,3,294.4695548715736,3202.220632439111,2927.446669429208,5543.945991974154,2380,0.8222222222222222
434,2.6,3.6000000000000005,0.28888888888888886,2,3,294.4695548715736,3202.220632439111,3202.220632439111,4841.709866324625,4140,0.7555555555555555
435,2.6,3.6000000000000005,0.28888888888888886,2,3,294.4695548715736,3202.220632439111,3202.220632439111,6118.990454826182,2200,0.8666666666666667
436,2.6,3.6000000000000005,0.28888888888888886,2,3,294.4695548715736,3202.220632439111,3202.220632439111,6118.990454826182,2000,0.9111111111111111
437,2.6,3.6000000000000005,0.28888888888888886,2,3,294.4695548715736,3202.220632439111,3202.220632439111,6140.207760633184,2000,0.9111111111111111
438,2.6,3.6000000000000005,0.28888888888888886,2,3,412.3553057760516,3202.220632439111,3202.220632439111,5543.945991974154,1140,0.8666666666666667
439,2.6,3.6000000000000005,0.28888888888888886,2,3,412.3553057760516,3202.220632439111,2927.446669429208,5543.945991974154,1540,0.8444444444444444
440,2.6,3.6000000000000005,0.28888888888888886,2,3,412.3553057760516,3202.220632439111,3202.220632439111,4841.709866324625,3380,0.7333333333333333
441,2.6,3.6000000000000005,0.28888888888888886,2,3,412.3553057760516,3202.220632439111,3202.220632439111,6118.990454826182,1040,0.8666666666666667
442,2.6,3.6000000000000005,0.28888888888888886,2,3,412.3553057760516,3202.220632439111,3202.220632439111,6118.126068674943,1040,0.8666666666666667
443,2.6,3.6000000000000005,0.28888888888888886,2,3,412.3553057760516,3202.220632439111,3202.220632439111,6118.126068674943,940,0.8888888888888888
444,2.6,3.6000000000000005,0.28888888888888886,2,3,412.3553057760516,3202.220632439111,3202.220632439111,5543.945991974154,1940,0.8666666666666667
445,2.6,3.6000000000000005,0.28888888888888886,2,3,412.3553057760516,3202.220632439111,3202.220632439111,6118.126068674943,400,0.9333333333333333
446,2.6,3.6000000000000005,0.28888888888888886,2,3,412.3553057760516,3202.220632439111,3202.220632439111,6141.52668130852,300,0.9555555555555556
447,2.6,3.6000000000000005,0.28888888888888886,2,3,412.3553057760516,3202.220632439111,3202.220632439111,5543.945991974154,1540,0.8222222222222222
448,2.6,3.6000000000000005,0.28888888888888886,2,3,412.3553057760516,3202.220632439111,3202.220632439111,6140.207760633184,800,0.9111111111111111
449,2.6,3.6000000000000005,0.28888888888888886,2,3,412.3553057760516,3202.220632439111,3202.220632439111,6141.52668130852,700,0.9333333333333333
450,2.6,3.6000000000000005,0.28888888888888886,2,3,412.3553057760516,3202.220632439111,3202.220632439111,5543.945991974154,2440,0.8222222222222222
451,2.6,3.6000000000000005,0.28888888888888886,2,3,412.3553057760516,3202.220632439111,3202.220632439111,6140.207760633184,440,0.9111111111111111
452,2.6,3.6000000000000005,0.28888888888888886,2,3,412.3553057760516,3202.220632439111,3202.220632439111,6118.126068674943,440,0.9111111111111111
453,2.6,3.6000000000000005,0.28888888888888886,2,3,412.3553057760516,3202.220632439111,3202.220632439111,6118.990454826182,2100,0.8666666666666667
454,2.6,3.6000000000000005,0.28888888888888886,2,3,412.3553057760516,3202.220632439111,3202.220632439111,6118.990454826182,940,0.8666666666666667
455,2.6,3.6000000000000005,0.28888888888888886,2,3,412.3553057760516,3202.220632439111,3202.220632439111,6118.990454826182,1840,0.8666666666666667
456,2.6,3.6000000000000005,0.28888888888888886,2,3,412.3553057760516,3202.220632439111,3202.220632439111,6141.52668130852,1900,0.9111111111111111
457,2.6,3.6000000000000005,0.28888888888888886,2,3,412.3553057760516,3202.220632439111,3202.220632439111,6118.126068674943,840,0.8888888888888888
458,2.6,3.6000000000000005,0.28888888888888886,2,3,412.3553057760516,3202.220632439111,3202.220632439111,6140.207760633184,1740,0.8888888888888888
459,2.6,3.6000000000000005,0.28888888888888886,2,3,412.3553057760516,3202.220632439111,3202.220632439111,6118.126068674943,300,0.9555555555555556
460,2.6,3.6000000000000005,0.28888888888888886,2,3,412.3553057760516,3202.220632439111,3202.220632439111,6140.207760633184,700,0.9333333333333333
461,2.6,3.6000000000000005,0.28888888888888886,2,3,412.3553057760516,3202.220632439111,3202.220632439111,6118.126068674943,440,0.9111111111111111
462,2.6,3.6000000000000005,0.28888888888888886,2,3,412.3553057760516,3202.220632439111,3202.220632439111,6118.990454826182,1900,0.9111111111111111
463,2.6,3.6000000000000005,0.28888888888888886,2,3,412.3553057760516,3202.220632439111,3202.220632439111,6118.126068674943,940,0.8666666666666667
464,2.6,3.6000000000000005,0.28888888888888886,2,3,412.3553057760516,3202.220632439111,3202.220632439111,6118.990454826182,1840,0.8666666666666667
465,2.6,3.6000000000000005,0.28888888888888886,2,3,412.3553057760516,3202.220632439111,3202.220632439111,5543.945991974154,980,0.8666666666666667
466,2.6,3.6000000000000005,0.28888888888888886,2,3,412.3553057760516,3202.220632439111,3202.220632439111,5543.945991974154,1480,0.8666666666666667
467,2.6,3.6000000000000005,0.28888888888888886,2,3,412.3553057760516,3202.220632439111,2927.446669429208,5543.945991974154,1520,0.8888888888888888
468,2.6,3.6000000000000005,0.28888888888888886,2,3,412.3553057760516,3202.220632439111,3202.220632439111,6118.126068674943,40,0.9777777777777777
469,2.6,3.6000000000000005,0.28888888888888886,2,3,412.3553057760516,3202.220632439111,3202.220632439111,6140.207760633184,40,0.9777777777777777
470,2.6,3.6000000000000005,0.28888888888888886,2,3,412.3553057760516,3202.220632439111,3202.220632439111,6118.126068674943,40,0.9777777777777777
471,2.6,3.6000000000000005,0.28888888888888886,2,3,296.5558211351698,3202.220632439111,3202.220632439111,5543.945991974154,1680,0.8
472,2.6,3.6000000000000005,0.28888888888888886,2,3,296.5558211351698,3202.220632439111,3202.220632439111,5543.945991974154,1320,0.8
473,2.6,3.6000000000000005,0.28888888888888886,2,3,296.5558211351698,3202.220632439111,3202.220632439111,4841.709866324625,3880,0.7333333333333333
474,2.6,3.6000000000000005,0.28888888888888886,2,3,296.5558211351698,3202.220632439111,3202.220632439111,6118.126068674943,900,0.8888888888888888
475,2.6,3.6000000000000005,0.28888888888888886,2,3,296.5558211351698,3202.220632439111,3202.220632439111,6118.990454826182,800,0.9111111111111111
476,2.6,3.6000000000000005,0.28888888888888886,2,3,296.5558211351698,3202.220632439111,3202.220632439111,6118.126068674943,800,0.9111111111111111
477,2.6,3.6000000000000005,0.28888888888888886,2,3,412.3553057760516,3202.220632439111,3202.220632439111,5543.945991974154,1180,0.8666666666666667
478,2.6,3.6000000000000005,0.28888888888888886,2,3,412.3553057760516,3202.220632439111,2927.446669429208,5543.945991974154,1020,0.8666666666666667
479,2.6,3.6000000000000005,0.28888888888888886,2,3,412.3553057760516,3202.220632439111,3202.220632439111,4841.709866324625,3080,0.7555555555555555
480,2.6,3.6000000000000005,0.28888888888888886,2,3,412.3553057760516,3202.220632439111,3202.220632439111,6118.990454826182,940,0.9111111111111111
481,2.6,3.6000000000000005,0.28888888888888886,2,3,412.3553057760516,3202.220632439111,3202.220632439111,6118.990454826182,940,0.9111111111111111
482,2.6,3.6000000000000005,0.28888888888888886,2,3,412.3553057760516,3202.220632439111,3202.220632439111,6140.207760633184,940,0.9111111111111111
483,2.6,3.6000000000000005,0.28888888888888886,2,3,412.3553057760516,3202.220632439111,3202.220632439111,5543.945991974154,1580,0.8888888888888888
484,2.6,3.6000000000000005,0.28888888888888886,2,3,412.3553057760516,3202.220632439111,2927.446669429208,5543.945991974154,1980,0.8666666666666667
